{
  "Parameters": {
    "AssetParametersce17c62a328d76644b450a312a394a1b8e4a7a1364dbea788b3c54f9a37f28edS3BucketACAE4553": {
      "Type": "String",
      "Description": "S3 bucket for asset \"ce17c62a328d76644b450a312a394a1b8e4a7a1364dbea788b3c54f9a37f28ed\""
    },
    "AssetParametersce17c62a328d76644b450a312a394a1b8e4a7a1364dbea788b3c54f9a37f28edS3VersionKey7F43A92E": {
      "Type": "String",
      "Description": "S3 key for asset version \"ce17c62a328d76644b450a312a394a1b8e4a7a1364dbea788b3c54f9a37f28ed\""
    },
    "AssetParametersce17c62a328d76644b450a312a394a1b8e4a7a1364dbea788b3c54f9a37f28edArtifactHash60B84445": {
      "Type": "String",
      "Description": "Artifact hash for asset \"ce17c62a328d76644b450a312a394a1b8e4a7a1364dbea788b3c54f9a37f28ed\""
    }
  },
  "Outputs": {
    "S3Bucket": {
      "Description": "mynameisnikhil420",
      "Value": {
        "Ref": "AssetParametersce17c62a328d76644b450a312a394a1b8e4a7a1364dbea788b3c54f9a37f28edS3BucketACAE4553"
      },
      "Export": {
        "Name": "nikhil420"
      }
    },
    "S3ObjectKey": {
      "Description": "Titanic",
      "Value": {
        "Fn::Join": [
          "",
          [
            {
              "Fn::Select": [
                0,
                {
                  "Fn::Split": [
                    "||",
                    {
                      "Ref": "AssetParametersce17c62a328d76644b450a312a394a1b8e4a7a1364dbea788b3c54f9a37f28edS3VersionKey7F43A92E"
                    }
                  ]
                }
              ]
            },
            {
              "Fn::Select": [
                1,
                {
                  "Fn::Split": [
                    "||",
                    {
                      "Ref": "AssetParametersce17c62a328d76644b450a312a394a1b8e4a7a1364dbea788b3c54f9a37f28edS3VersionKey7F43A92E"
                    }
                  ]
                }
              ]
            }
          ]
        ]
      }
    },
    "S3HttpURL": {
      "Value": {
        "Fn::Join": [
          "",
          [
            "https://s3.",
            {
              "Ref": "AWS::Region"
            },
            ".",
            {
              "Ref": "AWS::URLSuffix"
            },
            "/",
            {
              "Ref": "AssetParametersce17c62a328d76644b450a312a394a1b8e4a7a1364dbea788b3c54f9a37f28edS3BucketACAE4553"
            },
            "/",
            {
              "Fn::Select": [
                0,
                {
                  "Fn::Split": [
                    "||",
                    {
                      "Ref": "AssetParametersce17c62a328d76644b450a312a394a1b8e4a7a1364dbea788b3c54f9a37f28edS3VersionKey7F43A92E"
                    }
                  ]
                }
              ]
            },
            {
              "Fn::Select": [
                1,
                {
                  "Fn::Split": [
                    "||",
                    {
                      "Ref": "AssetParametersce17c62a328d76644b450a312a394a1b8e4a7a1364dbea788b3c54f9a37f28edS3VersionKey7F43A92E"
                    }
                  ]
                }
              ]
            }
          ]
        ]
      }
    },
    "S3ObjectURL": {
      "Value": {
        "Fn::Join": [
          "",
          [
            "s3://",
            {
              "Ref": "AssetParametersce17c62a328d76644b450a312a394a1b8e4a7a1364dbea788b3c54f9a37f28edS3BucketACAE4553"
            },
            "/",
            {
              "Fn::Select": [
                0,
                {
                  "Fn::Split": [
                    "||",
                    {
                      "Ref": "AssetParametersce17c62a328d76644b450a312a394a1b8e4a7a1364dbea788b3c54f9a37f28edS3VersionKey7F43A92E"
                    }
                  ]
                }
              ]
            },
            {
              "Fn::Select": [
                1,
                {
                  "Fn::Split": [
                    "||",
                    {
                      "Ref": "AssetParametersce17c62a328d76644b450a312a394a1b8e4a7a1364dbea788b3c54f9a37f28edS3VersionKey7F43A92E"
                    }
                  ]
                }
              ]
            }
          ]
        ]
      }
    }
  },
  "Resources": {
    "CDKMetadata": {
      "Type": "AWS::CDK::Metadata",
      "Properties": {
        "Modules": "aws-cdk=1.85.0,@aws-cdk/assets=1.85.0,@aws-cdk/aws-apigateway=1.85.0,@aws-cdk/aws-apigatewayv2=1.85.0,@aws-cdk/aws-applicationautoscaling=1.85.0,@aws-cdk/aws-autoscaling=1.85.0,@aws-cdk/aws-autoscaling-common=1.85.0,@aws-cdk/aws-autoscaling-hooktargets=1.85.0,@aws-cdk/aws-batch=1.85.0,@aws-cdk/aws-certificatemanager=1.85.0,@aws-cdk/aws-cloudformation=1.85.0,@aws-cdk/aws-cloudfront=1.85.0,@aws-cdk/aws-cloudfront-origins=1.85.0,@aws-cdk/aws-cloudwatch=1.85.0,@aws-cdk/aws-codebuild=1.85.0,@aws-cdk/aws-codecommit=1.85.0,@aws-cdk/aws-codeguruprofiler=1.85.0,@aws-cdk/aws-cognito=1.85.0,@aws-cdk/aws-dynamodb=1.85.0,@aws-cdk/aws-ec2=1.85.0,@aws-cdk/aws-ecr=1.85.0,@aws-cdk/aws-ecr-assets=1.85.0,@aws-cdk/aws-ecs=1.85.0,@aws-cdk/aws-efs=1.85.0,@aws-cdk/aws-elasticloadbalancing=1.85.0,@aws-cdk/aws-elasticloadbalancingv2=1.85.0,@aws-cdk/aws-events=1.85.0,@aws-cdk/aws-glue=1.85.0,@aws-cdk/aws-iam=1.85.0,@aws-cdk/aws-kms=1.85.0,@aws-cdk/aws-lambda=1.85.0,@aws-cdk/aws-logs=1.85.0,@aws-cdk/aws-route53=1.85.0,@aws-cdk/aws-route53-targets=1.85.0,@aws-cdk/aws-s3=1.85.0,@aws-cdk/aws-s3-assets=1.85.0,@aws-cdk/aws-s3-deployment=1.85.0,@aws-cdk/aws-sam=1.85.0,@aws-cdk/aws-secretsmanager=1.85.0,@aws-cdk/aws-servicediscovery=1.85.0,@aws-cdk/aws-sns=1.85.0,@aws-cdk/aws-sns-subscriptions=1.85.0,@aws-cdk/aws-sqs=1.85.0,@aws-cdk/aws-ssm=1.85.0,@aws-cdk/aws-stepfunctions=1.85.0,@aws-cdk/aws-stepfunctions-tasks=1.85.0,@aws-cdk/cloud-assembly-schema=1.85.0,@aws-cdk/core=1.85.0,@aws-cdk/custom-resources=1.85.0,@aws-cdk/cx-api=1.85.0,@aws-cdk/lambda-layer-awscli=1.85.0,@aws-cdk/region-info=1.85.0,jsii-runtime=Python/3.9.1"
      },
      "Metadata": {
        "aws:cdk:path": "s3assect/CDKMetadata/Default"
      },
      "Condition": "CDKMetadataAvailable"
    }
  },
  "Conditions": {
    "CDKMetadataAvailable": {
      "Fn::Or": [
        {
          "Fn::Or": [
            {
              "Fn::Equals": [
                {
                  "Ref": "AWS::Region"
                },
                "ap-east-1"
              ]
            },
            {
              "Fn::Equals": [
                {
                  "Ref": "AWS::Region"
                },
                "ap-northeast-1"
              ]
            },
            {
              "Fn::Equals": [
                {
                  "Ref": "AWS::Region"
                },
                "ap-northeast-2"
              ]
            },
            {
              "Fn::Equals": [
                {
                  "Ref": "AWS::Region"
                },
                "ap-south-1"
              ]
            },
            {
              "Fn::Equals": [
                {
                  "Ref": "AWS::Region"
                },
                "ap-southeast-1"
              ]
            },
            {
              "Fn::Equals": [
                {
                  "Ref": "AWS::Region"
                },
                "ap-southeast-2"
              ]
            },
            {
              "Fn::Equals": [
                {
                  "Ref": "AWS::Region"
                },
                "ca-central-1"
              ]
            },
            {
              "Fn::Equals": [
                {
                  "Ref": "AWS::Region"
                },
                "cn-north-1"
              ]
            },
            {
              "Fn::Equals": [
                {
                  "Ref": "AWS::Region"
                },
                "cn-northwest-1"
              ]
            },
            {
              "Fn::Equals": [
                {
                  "Ref": "AWS::Region"
                },
                "eu-central-1"
              ]
            }
          ]
        },
        {
          "Fn::Or": [
            {
              "Fn::Equals": [
                {
                  "Ref": "AWS::Region"
                },
                "eu-north-1"
              ]
            },
            {
              "Fn::Equals": [
                {
                  "Ref": "AWS::Region"
                },
                "eu-west-1"
              ]
            },
            {
              "Fn::Equals": [
                {
                  "Ref": "AWS::Region"
                },
                "eu-west-2"
              ]
            },
            {
              "Fn::Equals": [
                {
                  "Ref": "AWS::Region"
                },
                "eu-west-3"
              ]
            },
            {
              "Fn::Equals": [
                {
                  "Ref": "AWS::Region"
                },
                "me-south-1"
              ]
            },
            {
              "Fn::Equals": [
                {
                  "Ref": "AWS::Region"
                },
                "sa-east-1"
              ]
            },
            {
              "Fn::Equals": [
                {
                  "Ref": "AWS::Region"
                },
                "us-east-1"
              ]
            },
            {
              "Fn::Equals": [
                {
                  "Ref": "AWS::Region"
                },
                "us-east-2"
              ]
            },
            {
              "Fn::Equals": [
                {
                  "Ref": "AWS::Region"
                },
                "us-west-1"
              ]
            },
            {
              "Fn::Equals": [
                {
                  "Ref": "AWS::Region"
                },
                "us-west-2"
              ]
            }
          ]
        }
      ]
    }
  }
}